picture number,D435i


10,[-4.12736715 -1.43867508 15.6916619 ]
