picture number,D435i,Opti_Track,transformation

0,[ 3.99710581  2.93767743  6.61221732]
1,[  4.71005681   1.90353165  10.13489267]
